INSERT INTO TB_STATUS_MOTO (id_status, descricao_status) VALUES (1, 'Disponível');
INSERT INTO TB_STATUS_MOTO (id_status, descricao_status) VALUES (2, 'Indisponível');
INSERT INTO TB_STATUS_MOTO (id_status, descricao_status) VALUES (3, 'Em Manutenção');

INSERT INTO TB_ANTENA (id_antena, id_patio, codigo_antena, latitude_antena, longitude_antena) VALUES (1, 1, 'ANTENA001', -23.550520, -46.633308);
INSERT INTO TB_ANTENA (id_antena, id_patio, codigo_antena, latitude_antena, longitude_antena) VALUES (2, 2, 'ANTENA002', -22.906847, -43.172897);
INSERT INTO TB_ANTENA (id_antena, id_patio, codigo_antena, latitude_antena, longitude_antena) VALUES (3, 3, 'ANTENA003', -19.916681, -43.934493);
INSERT INTO TB_ANTENA (id_antena, id_patio, codigo_antena, latitude_antena, longitude_antena) VALUES (4, 4, 'ANTENA004', -12.971619, -38.501305);
INSERT INTO TB_ANTENA (id_antena, id_patio, codigo_antena, latitude_antena, longitude_antena) VALUES (5, 5, 'ANTENA005', -8.047562, -34.876965);

INSERT INTO TB_MOTO (id_moto, id_status, id_patio, placa_moto, chassi_moto, nr_motor_moto, modelo_moto) VALUES (1, 1, 1, 'ABC1A23', 'CHS1234567890', 'MTR123A', 'Honda CG 160');
INSERT INTO TB_MOTO (id_moto, id_status, id_patio, placa_moto, chassi_moto, nr_motor_moto, modelo_moto) VALUES (2, 2, 2, 'DEF4B56', 'CHS0987654321', 'MTR456B', 'Yamaha Fazer 250');
INSERT INTO TB_MOTO (id_moto, id_status, id_patio, placa_moto, chassi_moto, nr_motor_moto, modelo_moto) VALUES (3, 1, 3, 'GHI7C89', 'CHS1122334455', 'MTR789C', 'Suzuki GSR 750');
INSERT INTO TB_MOTO (id_moto, id_status, id_patio, placa_moto, chassi_moto, nr_motor_moto, modelo_moto) VALUES (4, 3, 2, 'JKL0D12', 'CHS5566778899', 'MTR012D', 'BMW F 850 GS');
INSERT INTO TB_MOTO (id_moto, id_status, id_patio, placa_moto, chassi_moto, nr_motor_moto, modelo_moto) VALUES (5, 1, 1, 'MNO3E45', 'CHS6677889900', 'MTR345E', 'Kawasaki Ninja 400');
INSERT INTO TB_MOTO (id_moto, id_status, id_patio, placa_moto, chassi_moto, nr_motor_moto, modelo_moto) VALUES (6, 2, 1, 'PQR6F78', 'CHS1231231231', 'MTR678F', 'Triumph Tiger 900');
INSERT INTO TB_MOTO (id_moto, id_status, id_patio, placa_moto, chassi_moto, nr_motor_moto, modelo_moto) VALUES (7, 3, 2, 'STU9G01', 'CHS2342342342', 'MTR901G', 'Ducati Panigale V4');
INSERT INTO TB_MOTO (id_moto, id_status, id_patio, placa_moto, chassi_moto, nr_motor_moto, modelo_moto) VALUES (8, 1, 3, 'VWX2H34', 'CHS3453453453', 'MTR234H', 'Harley-Davidson Sportster S');
INSERT INTO TB_MOTO (id_moto, id_status, id_patio, placa_moto, chassi_moto, nr_motor_moto, modelo_moto) VALUES (9, 1, 1, 'YZA5I67', 'CHS4564564564', 'MTR567I', 'KTM 390 Duke');
INSERT INTO TB_MOTO (id_moto, id_status, id_patio, placa_moto, chassi_moto, nr_motor_moto, modelo_moto) VALUES (10, 1, 1, 'BCD8J90', 'CHS5675675675', 'MTR890J', 'Royal Enfield Himalayan');
INSERT INTO TB_MOTO (id_moto, id_status, id_patio, placa_moto, chassi_moto, nr_motor_moto, modelo_moto) VALUES (11, 2, 4, 'EFG1K23', 'CHS6786786786', 'MTR123K', 'Honda CB 500X');
INSERT INTO TB_MOTO (id_moto, id_status, id_patio, placa_moto, chassi_moto, nr_motor_moto, modelo_moto) VALUES (12, 3, 2, 'HIJ4L56', 'CHS7897897897', 'MTR456L', 'Yamaha MT-07');
INSERT INTO TB_MOTO (id_moto, id_status, id_patio, placa_moto, chassi_moto, nr_motor_moto, modelo_moto) VALUES (13, 1, 3, 'KLM7M89', 'CHS8908908908', 'MTR789M', 'BMW G 310 GS');
INSERT INTO TB_MOTO (id_moto, id_status, id_patio, placa_moto, chassi_moto, nr_motor_moto, modelo_moto) VALUES (14, 2, 5, 'NOP0N12', 'CHS9019019019', 'MTR012N', 'Kawasaki Z900');
INSERT INTO TB_MOTO (id_moto, id_status, id_patio, placa_moto, chassi_moto, nr_motor_moto, modelo_moto) VALUES (15, 2, 5, 'QRS3P45', 'CHS0120120120', 'MTR345P', 'Suzuki V-Strom 650');
INSERT INTO TB_MOTO (id_moto, id_status, id_patio, placa_moto, chassi_moto, nr_motor_moto, modelo_moto) VALUES (16, 1, 1, 'TUV6Q78', 'CHS1112223334', 'MTR678Q', 'Dafra Citycom 300i');
INSERT INTO TB_MOTO (id_moto, id_status, id_patio, placa_moto, chassi_moto, nr_motor_moto, modelo_moto) VALUES (17, 2, 2, 'WXY9R01', 'CHS2223334445', 'MTR901R', 'Haojue DR160');
INSERT INTO TB_MOTO (id_moto, id_status, id_patio, placa_moto, chassi_moto, nr_motor_moto, modelo_moto) VALUES (18, 3, 3, 'ZAB2S34', 'CHS3334445556', 'MTR234S', 'Triumph Street Triple 765');
INSERT INTO TB_MOTO (id_moto, id_status, id_patio, placa_moto, chassi_moto, nr_motor_moto, modelo_moto) VALUES (19, 3, 5, 'CDE5T67', 'CHS4445556667', 'MTR567T', 'Honda Africa Twin');
INSERT INTO TB_MOTO (id_moto, id_status, id_patio, placa_moto, chassi_moto, nr_motor_moto, modelo_moto) VALUES (20, 3, 4, 'FGH8U90', 'CHS5556667778', 'MTR890U', 'Yamaha Tenere 700');

INSERT INTO TB_TAG (id_tag, codigo_rfid_tag, ssid_wifi_tag, latitude_tag, longitude_tag, data_hora_tag) VALUES (1, 'RFID001', 'WiFi_A', -23.550520, -46.633308, CURRENT_TIMESTAMP);
INSERT INTO TB_TAG (id_tag, codigo_rfid_tag, ssid_wifi_tag, latitude_tag, longitude_tag, data_hora_tag) VALUES (2, 'RFID002', 'WiFi_B', -22.906847, -43.172897, CURRENT_TIMESTAMP);
INSERT INTO TB_TAG (id_tag, codigo_rfid_tag, ssid_wifi_tag, latitude_tag, longitude_tag, data_hora_tag) VALUES (3, 'RFID003', 'WiFi_C', -19.916681, -43.934493, CURRENT_TIMESTAMP);
INSERT INTO TB_TAG (id_tag, codigo_rfid_tag, ssid_wifi_tag, latitude_tag, longitude_tag, data_hora_tag) VALUES (4, 'RFID004', 'WiFi_D', -12.971619, -38.501305, CURRENT_TIMESTAMP);
INSERT INTO TB_TAG (id_tag, codigo_rfid_tag, ssid_wifi_tag, latitude_tag, longitude_tag, data_hora_tag) VALUES (5, 'RFID005', 'WiFi_E', -8.047562, -34.876965, CURRENT_TIMESTAMP);
INSERT INTO TB_TAG (id_tag, codigo_rfid_tag, ssid_wifi_tag, latitude_tag, longitude_tag, data_hora_tag) VALUES (6, 'RFID006', 'WiFi_F', -15.780148, -47.929170, CURRENT_TIMESTAMP);
INSERT INTO TB_TAG (id_tag, codigo_rfid_tag, ssid_wifi_tag, latitude_tag, longitude_tag, data_hora_tag) VALUES (7, 'RFID007', 'WiFi_G', -3.717220, -38.543060, CURRENT_TIMESTAMP);
INSERT INTO TB_TAG (id_tag, codigo_rfid_tag, ssid_wifi_tag, latitude_tag, longitude_tag, data_hora_tag) VALUES (8, 'RFID008', 'WiFi_H', -25.428360, -49.273250, CURRENT_TIMESTAMP);
INSERT INTO TB_TAG (id_tag, codigo_rfid_tag, ssid_wifi_tag, latitude_tag, longitude_tag, data_hora_tag) VALUES (9, 'RFID009', 'WiFi_I', -3.119028, -60.021732, CURRENT_TIMESTAMP);
INSERT INTO TB_TAG (id_tag, codigo_rfid_tag, ssid_wifi_tag, latitude_tag, longitude_tag, data_hora_tag) VALUES (10, 'RFID010', 'WiFi_J', -30.034647, -51.217658, CURRENT_TIMESTAMP);
INSERT INTO TB_TAG (id_tag, codigo_rfid_tag, ssid_wifi_tag, latitude_tag, longitude_tag, data_hora_tag) VALUES (11, 'RFID011', 'WiFi_K', -1.455020, -48.502400, CURRENT_TIMESTAMP);
INSERT INTO TB_TAG (id_tag, codigo_rfid_tag, ssid_wifi_tag, latitude_tag, longitude_tag, data_hora_tag) VALUES (12, 'RFID012', 'WiFi_L', -16.686891, -49.264794, CURRENT_TIMESTAMP);
INSERT INTO TB_TAG (id_tag, codigo_rfid_tag, ssid_wifi_tag, latitude_tag, longitude_tag, data_hora_tag) VALUES (13, 'RFID013', 'WiFi_M', -22.907104, -47.063240, CURRENT_TIMESTAMP);
INSERT INTO TB_TAG (id_tag, codigo_rfid_tag, ssid_wifi_tag, latitude_tag, longitude_tag, data_hora_tag) VALUES (14, 'RFID014', 'WiFi_N', -2.530730, -44.306800, CURRENT_TIMESTAMP);
INSERT INTO TB_TAG (id_tag, codigo_rfid_tag, ssid_wifi_tag, latitude_tag, longitude_tag, data_hora_tag) VALUES (15, 'RFID015', 'WiFi_O', -27.595377, -48.548049, CURRENT_TIMESTAMP);
INSERT INTO TB_TAG (id_tag, codigo_rfid_tag, ssid_wifi_tag, latitude_tag, longitude_tag, data_hora_tag) VALUES (16, 'RFID016', 'WiFi_P', -7.119496, -34.845012, CURRENT_TIMESTAMP);
INSERT INTO TB_TAG (id_tag, codigo_rfid_tag, ssid_wifi_tag, latitude_tag, longitude_tag, data_hora_tag) VALUES (17, 'RFID017', 'WiFi_Q', -5.794475, -35.211002, CURRENT_TIMESTAMP);
INSERT INTO TB_TAG (id_tag, codigo_rfid_tag, ssid_wifi_tag, latitude_tag, longitude_tag, data_hora_tag) VALUES (18, 'RFID018', 'WiFi_R', -15.601411, -56.097875, CURRENT_TIMESTAMP);
INSERT INTO TB_TAG (id_tag, codigo_rfid_tag, ssid_wifi_tag, latitude_tag, longitude_tag, data_hora_tag) VALUES (19, 'RFID019', 'WiFi_S', -20.469711, -54.620121, CURRENT_TIMESTAMP);
INSERT INTO TB_TAG (id_tag, codigo_rfid_tag, ssid_wifi_tag, latitude_tag, longitude_tag, data_hora_tag) VALUES (20, 'RFID020', 'WiFi_T', -10.911110, -37.071670, CURRENT_TIMESTAMP);

INSERT INTO TB_MOTO_TAG (id_tag, id_moto) VALUES (1, 1);
INSERT INTO TB_MOTO_TAG (id_tag, id_moto) VALUES (2, 2);
INSERT INTO TB_MOTO_TAG (id_tag, id_moto) VALUES (3, 3);
INSERT INTO TB_MOTO_TAG (id_tag, id_moto) VALUES (4, 4);
INSERT INTO TB_MOTO_TAG (id_tag, id_moto) VALUES (5, 5);
INSERT INTO TB_MOTO_TAG (id_tag, id_moto) VALUES (6, 6);
INSERT INTO TB_MOTO_TAG (id_tag, id_moto) VALUES (7, 7);
INSERT INTO TB_MOTO_TAG (id_tag, id_moto) VALUES (8, 8);
INSERT INTO TB_MOTO_TAG (id_tag, id_moto) VALUES (9, 9);
INSERT INTO TB_MOTO_TAG (id_tag, id_moto) VALUES (10, 10);
INSERT INTO TB_MOTO_TAG (id_tag, id_moto) VALUES (11, 11);
INSERT INTO TB_MOTO_TAG (id_tag, id_moto) VALUES (12, 12);
INSERT INTO TB_MOTO_TAG (id_tag, id_moto) VALUES (13, 13);
INSERT INTO TB_MOTO_TAG (id_tag, id_moto) VALUES (14, 14);
INSERT INTO TB_MOTO_TAG (id_tag, id_moto) VALUES (15, 15);
INSERT INTO TB_MOTO_TAG (id_tag, id_moto) VALUES (16, 16);
INSERT INTO TB_MOTO_TAG (id_tag, id_moto) VALUES (17, 17);
INSERT INTO TB_MOTO_TAG (id_tag, id_moto) VALUES (18, 18);
INSERT INTO TB_MOTO_TAG (id_tag, id_moto) VALUES (19, 19);
INSERT INTO TB_MOTO_TAG (id_tag, id_moto) VALUES (20, 20);
